name,price,url
Kakuna,148.00,https://scrapeme.live/shop/Kakuna/
Caterpie,73.00,https://scrapeme.live/shop/Caterpie/
Weedle,25.00,https://scrapeme.live/shop/Weedle/
Metapod,148.00,https://scrapeme.live/shop/Metapod/
Pidgey,159.00,https://scrapeme.live/shop/Pidgey/
Beedrill,168.00,https://scrapeme.live/shop/Beedrill/
Butterfree,162.00,https://scrapeme.live/shop/Butterfree/
Blastoise,76.00,https://scrapeme.live/shop/Blastoise/
Wartortle,123.00,https://scrapeme.live/shop/Wartortle/
Squirtle,130.00,https://scrapeme.live/shop/Squirtle/
Charizard,156.00,https://scrapeme.live/shop/Charizard/
Charmeleon,165.00,https://scrapeme.live/shop/Charmeleon/
Charmander,48.00,https://scrapeme.live/shop/Charmander/
Venusaur,105.00,https://scrapeme.live/shop/Venusaur/
Ivysaur,87.00,https://scrapeme.live/shop/Ivysaur/
Bulbasaur,63.00,https://scrapeme.live/shop/Bulbasaur/
Nidoking,31.00,https://scrapeme.live/shop/Nidoking/
Nidorino,179.00,https://scrapeme.live/shop/Nidorino/
Nidoqueen,106.00,https://scrapeme.live/shop/Nidoqueen/
Nidorina,28.00,https://scrapeme.live/shop/Nidorina/
Sandslash,155.00,https://scrapeme.live/shop/Sandslash/
Sandshrew,82.00,https://scrapeme.live/shop/Sandshrew/
Raichu,140.00,https://scrapeme.live/shop/Raichu/
Pikachu,37.00,https://scrapeme.live/shop/Pikachu/
Arbok,182.00,https://scrapeme.live/shop/Arbok/
Ekans,55.00,https://scrapeme.live/shop/Ekans/
Fearow,95.00,https://scrapeme.live/shop/Fearow/
Spearow,133.00,https://scrapeme.live/shop/Spearow/
Raticate,60.00,https://scrapeme.live/shop/Raticate/
Rattata,128.00,https://scrapeme.live/shop/Rattata/
Pidgeot,185.00,https://scrapeme.live/shop/Pidgeot/
Pidgeotto,84.00,https://scrapeme.live/shop/Pidgeotto/
Diglett,122.00,https://scrapeme.live/shop/Diglett/
Venomoth,53.00,https://scrapeme.live/shop/Venomoth/
Venonat,158.00,https://scrapeme.live/shop/Venonat/
Parasect,27.00,https://scrapeme.live/shop/Parasect/
Paras,168.00,https://scrapeme.live/shop/Paras/
Vileplume,170.00,https://scrapeme.live/shop/Vileplume/
Gloom,178.00,https://scrapeme.live/shop/Gloom/
Oddish,45.00,https://scrapeme.live/shop/Oddish/
Golbat,136.00,https://scrapeme.live/shop/Golbat/
Zubat,125.00,https://scrapeme.live/shop/Zubat/
Wigglytuff,130.00,https://scrapeme.live/shop/Wigglytuff/
Jigglypuff,61.00,https://scrapeme.live/shop/Jigglypuff/
Ninetales,52.00,https://scrapeme.live/shop/Ninetales/
Vulpix,85.00,https://scrapeme.live/shop/Vulpix/
Clefable,188.00,https://scrapeme.live/shop/Clefable/
Clefairy,160.00,https://scrapeme.live/shop/Clefairy/
Kadabra,129.00,https://scrapeme.live/shop/Kadabra/
Machop,166.00,https://scrapeme.live/shop/Machop/
Alakazam,40.00,https://scrapeme.live/shop/Alakazam/
Abra,141.00,https://scrapeme.live/shop/Abra/
Poliwrath,152.00,https://scrapeme.live/shop/Poliwrath/
Poliwhirl,121.00,https://scrapeme.live/shop/Poliwhirl/
Poliwag,174.00,https://scrapeme.live/shop/Poliwag/
Arcanine,69.00,https://scrapeme.live/shop/Arcanine/
Growlithe,30.00,https://scrapeme.live/shop/Growlithe/
Primeape,86.00,https://scrapeme.live/shop/Primeape/
Mankey,125.00,https://scrapeme.live/shop/Mankey/
Golduck,31.00,https://scrapeme.live/shop/Golduck/
Psyduck,182.00,https://scrapeme.live/shop/Psyduck/
Persian,200.00,https://scrapeme.live/shop/Persian/
Meowth,131.00,https://scrapeme.live/shop/Meowth/
Dugtrio,111.00,https://scrapeme.live/shop/Dugtrio/
Bellsprout,74.00,https://scrapeme.live/shop/Bellsprout/
Machamp,121.00,https://scrapeme.live/shop/Machamp/
Magneton,191.00,https://scrapeme.live/shop/Magneton/
Magnemite,100.00,https://scrapeme.live/shop/Magnemite/
Slowbro,179.00,https://scrapeme.live/shop/Slowbro/
Slowpoke,109.00,https://scrapeme.live/shop/Slowpoke/
Rapidash,98.00,https://scrapeme.live/shop/Rapidash/
Ponyta,53.00,https://scrapeme.live/shop/Ponyta/
Golem,103.00,https://scrapeme.live/shop/Golem/
Graveler,182.00,https://scrapeme.live/shop/Graveler/
Geodude,32.00,https://scrapeme.live/shop/Geodude/
Tentacruel,65.00,https://scrapeme.live/shop/Tentacruel/
Tentacool,186.00,https://scrapeme.live/shop/Tentacool/
Victreebel,68.00,https://scrapeme.live/shop/Victreebel/
Weepinbell,26.00,https://scrapeme.live/shop/Weepinbell/
Machoke,27.00,https://scrapeme.live/shop/Machoke/
Krabby,64.00,https://scrapeme.live/shop/Krabby/
Hypno,198.00,https://scrapeme.live/shop/Hypno/
Drowzee,40.00,https://scrapeme.live/shop/Drowzee/
Onix,37.00,https://scrapeme.live/shop/Onix/
Gengar,149.00,https://scrapeme.live/shop/Gengar/
Haunter,42.00,https://scrapeme.live/shop/Haunter/
Gastly,179.00,https://scrapeme.live/shop/Gastly/
Cloyster,199.00,https://scrapeme.live/shop/Cloyster/
Shellder,138.00,https://scrapeme.live/shop/Shellder/
Muk,187.00,https://scrapeme.live/shop/Muk/
Grimer,147.00,https://scrapeme.live/shop/Grimer/
Dewgong,70.00,https://scrapeme.live/shop/Dewgong/
Seel,164.00,https://scrapeme.live/shop/Seel/
Dodrio,138.00,https://scrapeme.live/shop/Dodrio/
Doduo,73.00,https://scrapeme.live/shop/Doduo/
Farfetchd,185.00,https://scrapeme.live/shop/Farfetchd/
Tangela,64.00,https://scrapeme.live/shop/Tangela/
Chansey,176.00,https://scrapeme.live/shop/Chansey/
Rhydon,27.00,https://scrapeme.live/shop/Rhydon/
Rhyhorn,124.00,https://scrapeme.live/shop/Rhyhorn/
Weezing,48.00,https://scrapeme.live/shop/Weezing/
Koffing,38.00,https://scrapeme.live/shop/Koffing/
Lickitung,142.00,https://scrapeme.live/shop/Lickitung/
Hitmonchan,91.00,https://scrapeme.live/shop/Hitmonchan/
Hitmonlee,73.00,https://scrapeme.live/shop/Hitmonlee/
Marowak,36.00,https://scrapeme.live/shop/Marowak/
Cubone,177.00,https://scrapeme.live/shop/Cubone/
Exeggutor,68.00,https://scrapeme.live/shop/Exeggutor/
Exeggcute,126.00,https://scrapeme.live/shop/Exeggcute/
Electrode,100.00,https://scrapeme.live/shop/Electrode/
Voltorb,189.00,https://scrapeme.live/shop/Voltorb/
Kingler,72.00,https://scrapeme.live/shop/Kingler/
Gyarados,79.00,https://scrapeme.live/shop/Gyarados/
Tauros,63.00,https://scrapeme.live/shop/Tauros/
Magikarp,43.00,https://scrapeme.live/shop/Magikarp/
Pinsir,141.00,https://scrapeme.live/shop/Pinsir/
Magmar,130.00,https://scrapeme.live/shop/Magmar/
Electabuzz,125.00,https://scrapeme.live/shop/Electabuzz/
Jynx,138.00,https://scrapeme.live/shop/Jynx/
Scyther,85.00,https://scrapeme.live/shop/Scyther/
Mr-mime,144.00,https://scrapeme.live/shop/Mr-mime/
Starmie,176.00,https://scrapeme.live/shop/Starmie/
Staryu,166.00,https://scrapeme.live/shop/Staryu/
Seaking,129.00,https://scrapeme.live/shop/Seaking/
Goldeen,170.00,https://scrapeme.live/shop/Goldeen/
Seadra,51.00,https://scrapeme.live/shop/Seadra/
Horsea,154.00,https://scrapeme.live/shop/Horsea/
Kangaskhan,164.00,https://scrapeme.live/shop/Kangaskhan/
Moltres,178.00,https://scrapeme.live/shop/Moltres/
Zapdos,133.00,https://scrapeme.live/shop/Zapdos/
Articuno,77.00,https://scrapeme.live/shop/Articuno/
Snorlax,134.00,https://scrapeme.live/shop/Snorlax/
Aerodactyl,56.00,https://scrapeme.live/shop/Aerodactyl/
Kabutops,57.00,https://scrapeme.live/shop/Kabutops/
Kabuto,79.00,https://scrapeme.live/shop/Kabuto/
Omastar,61.00,https://scrapeme.live/shop/Omastar/
Omanyte,162.00,https://scrapeme.live/shop/Omanyte/
Porygon,178.00,https://scrapeme.live/shop/Porygon/
Flareon,34.00,https://scrapeme.live/shop/Flareon/
Jolteon,158.00,https://scrapeme.live/shop/Jolteon/
Vaporeon,147.00,https://scrapeme.live/shop/Vaporeon/
Eevee,112.00,https://scrapeme.live/shop/Eevee/
Ditto,75.00,https://scrapeme.live/shop/Ditto/
Lapras,172.00,https://scrapeme.live/shop/Lapras/
Furret,154.00,https://scrapeme.live/shop/Furret/
Sentret,48.00,https://scrapeme.live/shop/Sentret/
Feraligatr,183.00,https://scrapeme.live/shop/Feraligatr/
Croconaw,175.00,https://scrapeme.live/shop/Croconaw/
Totodile,190.00,https://scrapeme.live/shop/Totodile/
Typhlosion,191.00,https://scrapeme.live/shop/Typhlosion/
Quilava,85.00,https://scrapeme.live/shop/Quilava/
Cyndaquil,154.00,https://scrapeme.live/shop/Cyndaquil/
Meganium,163.00,https://scrapeme.live/shop/Meganium/
Bayleef,44.00,https://scrapeme.live/shop/Bayleef/
Chikorita,127.00,https://scrapeme.live/shop/Chikorita/
Mew,136.00,https://scrapeme.live/shop/Mew/
Mewtwo,43.00,https://scrapeme.live/shop/Mewtwo/
Dragonite,69.00,https://scrapeme.live/shop/Dragonite/
Dragonair,57.00,https://scrapeme.live/shop/Dragonair/
Dratini,94.00,https://scrapeme.live/shop/Dratini/
Xatu,123.00,https://scrapeme.live/shop/Xatu/
Natu,99.00,https://scrapeme.live/shop/Natu/
Togetic,69.00,https://scrapeme.live/shop/Togetic/
Togepi,47.00,https://scrapeme.live/shop/Togepi/
Igglybuff,189.00,https://scrapeme.live/shop/Igglybuff/
Cleffa,107.00,https://scrapeme.live/shop/Cleffa/
Pichu,193.00,https://scrapeme.live/shop/Pichu/
Lanturn,131.00,https://scrapeme.live/shop/Lanturn/
Chinchou,59.00,https://scrapeme.live/shop/Chinchou/
Crobat,195.00,https://scrapeme.live/shop/Crobat/
Ariados,85.00,https://scrapeme.live/shop/Ariados/
Spinarak,199.00,https://scrapeme.live/shop/Spinarak/
Ledian,136.00,https://scrapeme.live/shop/Ledian/
Ledyba,98.00,https://scrapeme.live/shop/Ledyba/
Noctowl,170.00,https://scrapeme.live/shop/Noctowl/
Hoothoot,48.00,https://scrapeme.live/shop/Hoothoot/
Wooper,98.00,https://scrapeme.live/shop/Wooper/
Yanma,130.00,https://scrapeme.live/shop/Yanma/
Sunflora,33.00,https://scrapeme.live/shop/Sunflora/
Sunkern,150.00,https://scrapeme.live/shop/Sunkern/
Aipom,182.00,https://scrapeme.live/shop/Aipom/
Jumpluff,107.00,https://scrapeme.live/shop/Jumpluff/
Skiploom,185.00,https://scrapeme.live/shop/Skiploom/
Hoppip,107.00,https://scrapeme.live/shop/Hoppip/
Politoed,193.00,https://scrapeme.live/shop/Politoed/
Sudowoodo,54.00,https://scrapeme.live/shop/Sudowoodo/
Azumarill,175.00,https://scrapeme.live/shop/Azumarill/
Marill,127.00,https://scrapeme.live/shop/Marill/
Bellossom,25.00,https://scrapeme.live/shop/Bellossom/
Ampharos,41.00,https://scrapeme.live/shop/Ampharos/
Flaaffy,163.00,https://scrapeme.live/shop/Flaaffy/
Mareep,79.00,https://scrapeme.live/shop/Mareep/
Shuckle,194.00,https://scrapeme.live/shop/Shuckle/
Scizor,172.00,https://scrapeme.live/shop/Scizor/
Qwilfish,77.00,https://scrapeme.live/shop/Qwilfish/
Granbull,59.00,https://scrapeme.live/shop/Granbull/
Snubbull,63.00,https://scrapeme.live/shop/Snubbull/
Steelix,116.00,https://scrapeme.live/shop/Steelix/
Gligar,112.00,https://scrapeme.live/shop/Gligar/
Girafarig,99.00,https://scrapeme.live/shop/Girafarig/
Wobbuffet,107.00,https://scrapeme.live/shop/Wobbuffet/
Unown,198.00,https://scrapeme.live/shop/Unown/
Misdreavus,33.00,https://scrapeme.live/shop/Misdreavus/
Slowking,174.00,https://scrapeme.live/shop/Slowking/
Murkrow,178.00,https://scrapeme.live/shop/Murkrow/
Umbreon,78.00,https://scrapeme.live/shop/Umbreon/
Espeon,177.00,https://scrapeme.live/shop/Espeon/
Quagsire,37.00,https://scrapeme.live/shop/Quagsire/
Kingdra,124.00,https://scrapeme.live/shop/Kingdra/
Houndoom,78.00,https://scrapeme.live/shop/Houndoom/
Houndour,144.00,https://scrapeme.live/shop/Houndour/
Skarmory,199.00,https://scrapeme.live/shop/Skarmory/
Mantine,114.00,https://scrapeme.live/shop/Mantine/
Delibird,121.00,https://scrapeme.live/shop/Delibird/
Octillery,94.00,https://scrapeme.live/shop/Octillery/
Remoraid,122.00,https://scrapeme.live/shop/Remoraid/
Corsola,27.00,https://scrapeme.live/shop/Corsola/
Piloswine,84.00,https://scrapeme.live/shop/Piloswine/
Swinub,132.00,https://scrapeme.live/shop/Swinub/
Magcargo,36.00,https://scrapeme.live/shop/Magcargo/
Ursaring,31.00,https://scrapeme.live/shop/Ursaring/
Teddiursa,173.00,https://scrapeme.live/shop/Teddiursa/
Sneasel,108.00,https://scrapeme.live/shop/Sneasel/
Heracross,143.00,https://scrapeme.live/shop/Heracross/
Larvitar,26.00,https://scrapeme.live/shop/Larvitar/
Suicune,68.00,https://scrapeme.live/shop/Suicune/
Entei,27.00,https://scrapeme.live/shop/Entei/
Raikou,66.00,https://scrapeme.live/shop/Raikou/
Blissey,31.00,https://scrapeme.live/shop/Blissey/
Miltank,26.00,https://scrapeme.live/shop/Miltank/
Magby,40.00,https://scrapeme.live/shop/Magby/
Elekid,104.00,https://scrapeme.live/shop/Elekid/
Smoochum,166.00,https://scrapeme.live/shop/Smoochum/
Hitmontop,149.00,https://scrapeme.live/shop/Hitmontop/
Tyrogue,145.00,https://scrapeme.live/shop/Tyrogue/
Smeargle,151.00,https://scrapeme.live/shop/Smeargle/
Stantler,33.00,https://scrapeme.live/shop/Stantler/
Porygon2,151.00,https://scrapeme.live/shop/Porygon2/
Donphan,89.00,https://scrapeme.live/shop/Donphan/
Phanpy,129.00,https://scrapeme.live/shop/Phanpy/
Sceptile,37.00,https://scrapeme.live/shop/Sceptile/
Mightyena,175.00,https://scrapeme.live/shop/Mightyena/
Poochyena,130.00,https://scrapeme.live/shop/Poochyena/
Swampert,144.00,https://scrapeme.live/shop/Swampert/
Marshtomp,152.00,https://scrapeme.live/shop/Marshtomp/
Mudkip,140.00,https://scrapeme.live/shop/Mudkip/
Blaziken,40.00,https://scrapeme.live/shop/Blaziken/
Combusken,68.00,https://scrapeme.live/shop/Combusken/
Torchic,28.00,https://scrapeme.live/shop/Torchic/
Grovyle,190.00,https://scrapeme.live/shop/Grovyle/
Treecko,96.00,https://scrapeme.live/shop/Treecko/
Celebi,111.00,https://scrapeme.live/shop/Celebi/
Ho-oh,91.00,https://scrapeme.live/shop/Ho-oh/
Lugia,86.00,https://scrapeme.live/shop/Lugia/
Tyranitar,190.00,https://scrapeme.live/shop/Tyranitar/
Pupitar,114.00,https://scrapeme.live/shop/Pupitar/
Lombre,79.00,https://scrapeme.live/shop/Lombre/
Wingull,153.00,https://scrapeme.live/shop/Wingull/
Swellow,88.00,https://scrapeme.live/shop/Swellow/
Taillow,85.00,https://scrapeme.live/shop/Taillow/
Shiftry,157.00,https://scrapeme.live/shop/Shiftry/
Nuzleaf,26.00,https://scrapeme.live/shop/Nuzleaf/
Seedot,26.00,https://scrapeme.live/shop/Seedot/
Ludicolo,189.00,https://scrapeme.live/shop/Ludicolo/
Lotad,161.00,https://scrapeme.live/shop/Lotad/
Dustox,91.00,https://scrapeme.live/shop/Dustox/
Cascoon,166.00,https://scrapeme.live/shop/Cascoon/
Beautifly,145.00,https://scrapeme.live/shop/Beautifly/
Silcoon,80.00,https://scrapeme.live/shop/Silcoon/
Wurmple,195.00,https://scrapeme.live/shop/Wurmple/
Linoone,81.00,https://scrapeme.live/shop/Linoone/
Zigzagoon,83.00,https://scrapeme.live/shop/Zigzagoon/
Loudred,145.00,https://scrapeme.live/shop/Loudred/
Whismur,137.00,https://scrapeme.live/shop/Whismur/
Shedinja,128.00,https://scrapeme.live/shop/Shedinja/
Ninjask,161.00,https://scrapeme.live/shop/Ninjask/
Nincada,38.00,https://scrapeme.live/shop/Nincada/
Slaking,119.00,https://scrapeme.live/shop/Slaking/
Vigoroth,25.00,https://scrapeme.live/shop/Vigoroth/
Slakoth,69.00,https://scrapeme.live/shop/Slakoth/
Breloom,113.00,https://scrapeme.live/shop/Breloom/
Shroomish,31.00,https://scrapeme.live/shop/Shroomish/
Masquerain,39.00,https://scrapeme.live/shop/Masquerain/
Surskit,112.00,https://scrapeme.live/shop/Surskit/
Gardevoir,34.00,https://scrapeme.live/shop/Gardevoir/
Kirlia,186.00,https://scrapeme.live/shop/Kirlia/
Ralts,151.00,https://scrapeme.live/shop/Ralts/
Pelipper,158.00,https://scrapeme.live/shop/Pelipper/
Manectric,76.00,https://scrapeme.live/shop/Manectric/
Electrike,145.00,https://scrapeme.live/shop/Electrike/
Medicham,77.00,https://scrapeme.live/shop/Medicham/
Meditite,97.00,https://scrapeme.live/shop/Meditite/
Aggron,140.00,https://scrapeme.live/shop/Aggron/
Lairon,70.00,https://scrapeme.live/shop/Lairon/
Aron,149.00,https://scrapeme.live/shop/Aron/
Mawile,119.00,https://scrapeme.live/shop/Mawile/
Sableye,81.00,https://scrapeme.live/shop/Sableye/
Delcatty,170.00,https://scrapeme.live/shop/Delcatty/
Skitty,156.00,https://scrapeme.live/shop/Skitty/
Nosepass,41.00,https://scrapeme.live/shop/Nosepass/
Azurill,70.00,https://scrapeme.live/shop/Azurill/
Hariyama,176.00,https://scrapeme.live/shop/Hariyama/
Makuhita,30.00,https://scrapeme.live/shop/Makuhita/
Exploud,161.00,https://scrapeme.live/shop/Exploud/
Grumpig,182.00,https://scrapeme.live/shop/Grumpig/
Spoink,163.00,https://scrapeme.live/shop/Spoink/
Torkoal,98.00,https://scrapeme.live/shop/Torkoal/
Camerupt,124.00,https://scrapeme.live/shop/Camerupt/
Numel,170.00,https://scrapeme.live/shop/Numel/
Wailord,150.00,https://scrapeme.live/shop/Wailord/
Wailmer,90.00,https://scrapeme.live/shop/Wailmer/
Sharpedo,129.00,https://scrapeme.live/shop/Sharpedo/
Carvanha,25.00,https://scrapeme.live/shop/Carvanha/
Roselia,90.00,https://scrapeme.live/shop/Roselia/
Swalot,130.00,https://scrapeme.live/shop/Swalot/
Gulpin,136.00,https://scrapeme.live/shop/Gulpin/
Illumise,167.00,https://scrapeme.live/shop/Illumise/
Volbeat,123.00,https://scrapeme.live/shop/Volbeat/
Minun,193.00,https://scrapeme.live/shop/Minun/
Claydol,197.00,https://scrapeme.live/shop/Claydol/
Baltoy,167.00,https://scrapeme.live/shop/Baltoy/
Crawdaunt,173.00,https://scrapeme.live/shop/Crawdaunt/
Corphish,178.00,https://scrapeme.live/shop/Corphish/
Whiscash,179.00,https://scrapeme.live/shop/Whiscash/
Solrock,57.00,https://scrapeme.live/shop/Solrock/
Lunatone,177.00,https://scrapeme.live/shop/Lunatone/
Seviper,107.00,https://scrapeme.live/shop/Seviper/
Altaria,104.00,https://scrapeme.live/shop/Altaria/
Swablu,121.00,https://scrapeme.live/shop/Swablu/
Cacturne,31.00,https://scrapeme.live/shop/Cacturne/
Cacnea,105.00,https://scrapeme.live/shop/Cacnea/
Flygon,174.00,https://scrapeme.live/shop/Flygon/
Vibrava,200.00,https://scrapeme.live/shop/Vibrava/
Trapinch,116.00,https://scrapeme.live/shop/Trapinch/
Spinda,149.00,https://scrapeme.live/shop/Spinda/
Wynaut,168.00,https://scrapeme.live/shop/Wynaut/
Absol,134.00,https://scrapeme.live/shop/Absol/
Chimecho,51.00,https://scrapeme.live/shop/Chimecho/
Tropius,196.00,https://scrapeme.live/shop/Tropius/
Dusclops,39.00,https://scrapeme.live/shop/Dusclops/
Duskull,139.00,https://scrapeme.live/shop/Duskull/
Banette,104.00,https://scrapeme.live/shop/Banette/
Shuppet,174.00,https://scrapeme.live/shop/Shuppet/
Kecleon,100.00,https://scrapeme.live/shop/Kecleon/
Castform,119.00,https://scrapeme.live/shop/Castform/
Milotic,152.00,https://scrapeme.live/shop/Milotic/
Feebas,194.00,https://scrapeme.live/shop/Feebas/
Armaldo,42.00,https://scrapeme.live/shop/Armaldo/
Anorith,64.00,https://scrapeme.live/shop/Anorith/
Cradily,154.00,https://scrapeme.live/shop/Cradily/
Lileep,87.00,https://scrapeme.live/shop/Lileep/
Metagross,170.00,https://scrapeme.live/shop/Metagross/
Metang,78.00,https://scrapeme.live/shop/Metang/
Beldum,122.00,https://scrapeme.live/shop/Beldum/
Salamence,62.00,https://scrapeme.live/shop/Salamence/
Shelgon,56.00,https://scrapeme.live/shop/Shelgon/
Bagon,34.00,https://scrapeme.live/shop/Bagon/
Luvdisc,44.00,https://scrapeme.live/shop/Luvdisc/
Relicanth,157.00,https://scrapeme.live/shop/Relicanth/
Gorebyss,150.00,https://scrapeme.live/shop/Gorebyss/
Huntail,52.00,https://scrapeme.live/shop/Huntail/
Clamperl,48.00,https://scrapeme.live/shop/Clamperl/
Walrein,27.00,https://scrapeme.live/shop/Walrein/
Sealeo,160.00,https://scrapeme.live/shop/Sealeo/
Spheal,193.00,https://scrapeme.live/shop/Spheal/
Glalie,178.00,https://scrapeme.live/shop/Glalie/
Snorunt,82.00,https://scrapeme.live/shop/Snorunt/
Prinplup,177.00,https://scrapeme.live/shop/Prinplup/
Infernape,165.00,https://scrapeme.live/shop/Infernape/
Monferno,68.00,https://scrapeme.live/shop/Monferno/
Chimchar,143.00,https://scrapeme.live/shop/Chimchar/
Torterra,87.00,https://scrapeme.live/shop/Torterra/
Grotle,154.00,https://scrapeme.live/shop/Grotle/
Turtwig,101.00,https://scrapeme.live/shop/Turtwig/
Jirachi,111.00,https://scrapeme.live/shop/Jirachi/
Rayquaza,97.00,https://scrapeme.live/shop/Rayquaza/
Groudon,124.00,https://scrapeme.live/shop/Groudon/
Kyogre,27.00,https://scrapeme.live/shop/Kyogre/
Latios,166.00,https://scrapeme.live/shop/Latios/
Latias,126.00,https://scrapeme.live/shop/Latias/
Registeel,196.00,https://scrapeme.live/shop/Registeel/
Regice,165.00,https://scrapeme.live/shop/Regice/
Regirock,66.00,https://scrapeme.live/shop/Regirock/
Plusle,56.00,https://scrapeme.live/shop/Plusle/
Shieldon,42.00,https://scrapeme.live/shop/Shieldon/
Rampardos,196.00,https://scrapeme.live/shop/Rampardos/
Cranidos,47.00,https://scrapeme.live/shop/Cranidos/
Roserade,155.00,https://scrapeme.live/shop/Roserade/
Budew,171.00,https://scrapeme.live/shop/Budew/
Luxio,168.00,https://scrapeme.live/shop/Luxio/
Kricketune,53.00,https://scrapeme.live/shop/Kricketune/
Shinx,149.00,https://scrapeme.live/shop/Shinx/
Luxray,43.00,https://scrapeme.live/shop/Luxray/
Kricketot,94.00,https://scrapeme.live/shop/Kricketot/
Bibarel,114.00,https://scrapeme.live/shop/Bibarel/
Bidoof,128.00,https://scrapeme.live/shop/Bidoof/
Starly,59.00,https://scrapeme.live/shop/Starly/
Empoleon,42.00,https://scrapeme.live/shop/Empoleon/
Staraptor,42.00,https://scrapeme.live/shop/Staraptor/
Staravia,158.00,https://scrapeme.live/shop/Staravia/
Buneary,180.00,https://scrapeme.live/shop/Buneary/
Drifblim,36.00,https://scrapeme.live/shop/Drifblim/
Drifloon,70.00,https://scrapeme.live/shop/Drifloon/
Cherrim,161.00,https://scrapeme.live/shop/Cherrim/
Ambipom,36.00,https://scrapeme.live/shop/Ambipom/
Shellos,163.00,https://scrapeme.live/shop/Shellos/
Gastrodon,148.00,https://scrapeme.live/shop/Gastrodon/
Floatzel,40.00,https://scrapeme.live/shop/Floatzel/
Buizel,55.00,https://scrapeme.live/shop/Buizel/
Pachirisu,151.00,https://scrapeme.live/shop/Pachirisu/
Cherubi,101.00,https://scrapeme.live/shop/Cherubi/
Vespiquen,104.00,https://scrapeme.live/shop/Vespiquen/
Combee,111.00,https://scrapeme.live/shop/Combee/
Mothim,177.00,https://scrapeme.live/shop/Mothim/
Garchomp,62.00,https://scrapeme.live/shop/Garchomp/
Burmy,91.00,https://scrapeme.live/shop/Burmy/
Bastiodon,191.00,https://scrapeme.live/shop/Bastiodon/
Gabite,154.00,https://scrapeme.live/shop/Gabite/
Spiritomb,165.00,https://scrapeme.live/shop/Spiritomb/
Gible,194.00,https://scrapeme.live/shop/Gible/
Happiny,67.00,https://scrapeme.live/shop/Happiny/
Chatot,78.00,https://scrapeme.live/shop/Chatot/
Bonsly,106.00,https://scrapeme.live/shop/Bonsly/
Bronzong,110.00,https://scrapeme.live/shop/Bronzong/
Mime-jr,170.00,https://scrapeme.live/shop/Mime-jr/
Skuntank,112.00,https://scrapeme.live/shop/Skuntank/
Stunky,106.00,https://scrapeme.live/shop/Stunky/
Purugly,128.00,https://scrapeme.live/shop/Purugly/
Honchkrow,47.00,https://scrapeme.live/shop/Honchkrow/
Mismagius,38.00,https://scrapeme.live/shop/Mismagius/
Magnezone,190.00,https://scrapeme.live/shop/Magnezone/
Snover,104.00,https://scrapeme.live/shop/Snover/
Glameow,39.00,https://scrapeme.live/shop/Glameow/
Lumineon,72.00,https://scrapeme.live/shop/Lumineon/
Finneon,172.00,https://scrapeme.live/shop/Finneon/
Mantyke,121.00,https://scrapeme.live/shop/Mantyke/
Lopunny,123.00,https://scrapeme.live/shop/Lopunny/
Carnivine,60.00,https://scrapeme.live/shop/Carnivine/
Drapion,72.00,https://scrapeme.live/shop/Drapion/
Hippowdon,140.00,https://scrapeme.live/shop/Hippowdon/
Croagunk,145.00,https://scrapeme.live/shop/Croagunk/
Toxicroak,145.00,https://scrapeme.live/shop/Toxicroak/
Hippopotas,189.00,https://scrapeme.live/shop/Hippopotas/
Abomasnow,46.00,https://scrapeme.live/shop/Abomasnow/
Rotom,42.00,https://scrapeme.live/shop/Rotom/
Skorupi,51.00,https://scrapeme.live/shop/Skorupi/
Probopass,181.00,https://scrapeme.live/shop/Probopass/
Dusknoir,158.00,https://scrapeme.live/shop/Dusknoir/
Froslass,86.00,https://scrapeme.live/shop/Froslass/
Gallade,149.00,https://scrapeme.live/shop/Gallade/
Mamoswine,104.00,https://scrapeme.live/shop/Mamoswine/
Glaceon,142.00,https://scrapeme.live/shop/Glaceon/
Leafeon,93.00,https://scrapeme.live/shop/Leafeon/
Yanmega,121.00,https://scrapeme.live/shop/Yanmega/
Gliscor,28.00,https://scrapeme.live/shop/Gliscor/
Togekiss,158.00,https://scrapeme.live/shop/Togekiss/
Magmortar,200.00,https://scrapeme.live/shop/Magmortar/
Electivire,61.00,https://scrapeme.live/shop/Electivire/
Serperior,88.00,https://scrapeme.live/shop/Serperior/
Rhyperior,79.00,https://scrapeme.live/shop/Rhyperior/
Tangrowth,108.00,https://scrapeme.live/shop/Tangrowth/
Lickilicky,101.00,https://scrapeme.live/shop/Lickilicky/
Victini,109.00,https://scrapeme.live/shop/Victini/
Servine,154.00,https://scrapeme.live/shop/Servine/
Cresselia,34.00,https://scrapeme.live/shop/Cresselia/
Phione,155.00,https://scrapeme.live/shop/Phione/
Darkrai,59.00,https://scrapeme.live/shop/Darkrai/
Arceus,53.00,https://scrapeme.live/shop/Arceus/
Snivy,102.00,https://scrapeme.live/shop/Snivy/
Heatran,142.00,https://scrapeme.live/shop/Heatran/
Regigigas,77.00,https://scrapeme.live/shop/Regigigas/
Manaphy,74.00,https://scrapeme.live/shop/Manaphy/
Palkia,151.00,https://scrapeme.live/shop/Palkia/
Uxie,200.00,https://scrapeme.live/shop/Uxie/
Lucario,102.00,https://scrapeme.live/shop/Lucario/
Mesprit,25.00,https://scrapeme.live/shop/Mesprit/
Azelf,32.00,https://scrapeme.live/shop/Azelf/
Dialga,179.00,https://scrapeme.live/shop/Dialga/
Simisage,98.00,https://scrapeme.live/shop/Simisage/
Pansear,194.00,https://scrapeme.live/shop/Pansear/
Pansage,197.00,https://scrapeme.live/shop/Pansage/
Liepard,104.00,https://scrapeme.live/shop/Liepard/
Patrat,116.00,https://scrapeme.live/shop/Patrat/
Stoutland,37.00,https://scrapeme.live/shop/Stoutland/
Watchog,141.00,https://scrapeme.live/shop/Watchog/
Samurott,106.00,https://scrapeme.live/shop/Samurott/
Purrloin,167.00,https://scrapeme.live/shop/Purrloin/
Lillipup,28.00,https://scrapeme.live/shop/Lillipup/
Herdier,164.00,https://scrapeme.live/shop/Herdier/
Dewott,57.00,https://scrapeme.live/shop/Dewott/
Tepig,195.00,https://scrapeme.live/shop/Tepig/
Emboar,32.00,https://scrapeme.live/shop/Emboar/
Oshawott,194.00,https://scrapeme.live/shop/Oshawott/
Pignite,149.00,https://scrapeme.live/shop/Pignite/
Excadrill,36.00,https://scrapeme.live/shop/Excadrill/
Swoobat,49.00,https://scrapeme.live/shop/Swoobat/
Drilbur,132.00,https://scrapeme.live/shop/Drilbur/
Woobat,27.00,https://scrapeme.live/shop/Woobat/
Gigalith,67.00,https://scrapeme.live/shop/Gigalith/
Roggenrola,41.00,https://scrapeme.live/shop/Roggenrola/
Boldore,76.00,https://scrapeme.live/shop/Boldore/
Zebstrika,138.00,https://scrapeme.live/shop/Zebstrika/
Unfezant,135.00,https://scrapeme.live/shop/Unfezant/
Tranquill,199.00,https://scrapeme.live/shop/Tranquill/
Pidove,172.00,https://scrapeme.live/shop/Pidove/
Musharna,58.00,https://scrapeme.live/shop/Musharna/
Munna,172.00,https://scrapeme.live/shop/Munna/
Simipour,61.00,https://scrapeme.live/shop/Simipour/
Panpour,52.00,https://scrapeme.live/shop/Panpour/
Whimsicott,26.00,https://scrapeme.live/shop/Whimsicott/
Cottonee,77.00,https://scrapeme.live/shop/Cottonee/
Scolipede,153.00,https://scrapeme.live/shop/Scolipede/
Whirlipede,84.00,https://scrapeme.live/shop/Whirlipede/
Venipede,87.00,https://scrapeme.live/shop/Venipede/
Leavanny,130.00,https://scrapeme.live/shop/Leavanny/
Swadloon,107.00,https://scrapeme.live/shop/Swadloon/
Sewaddle,40.00,https://scrapeme.live/shop/Sewaddle/
Sawk,129.00,https://scrapeme.live/shop/Sawk/
Throh,43.00,https://scrapeme.live/shop/Throh/
Seismitoad,90.00,https://scrapeme.live/shop/Seismitoad/
Palpitoad,117.00,https://scrapeme.live/shop/Palpitoad/
Conkeldurr,72.00,https://scrapeme.live/shop/Conkeldurr/
Gurdurr,179.00,https://scrapeme.live/shop/Gurdurr/
Timburr,194.00,https://scrapeme.live/shop/Timburr/
Audino,95.00,https://scrapeme.live/shop/Audino/
Carracosta,158.00,https://scrapeme.live/shop/Carracosta/
Tirtouga,60.00,https://scrapeme.live/shop/Tirtouga/
Cofagrigus,160.00,https://scrapeme.live/shop/Cofagrigus/
Yamask,171.00,https://scrapeme.live/shop/Yamask/
Sigilyph,68.00,https://scrapeme.live/shop/Sigilyph/
Scrafty,137.00,https://scrapeme.live/shop/Scrafty/
Scraggy,112.00,https://scrapeme.live/shop/Scraggy/
Crustle,105.00,https://scrapeme.live/shop/Crustle/
Dwebble,75.00,https://scrapeme.live/shop/Dwebble/
Maractus,31.00,https://scrapeme.live/shop/Maractus/
Darumaka,106.00,https://scrapeme.live/shop/Darumaka/
Krookodile,185.00,https://scrapeme.live/shop/Krookodile/
Krokorok,135.00,https://scrapeme.live/shop/Krokorok/
Sandile,136.00,https://scrapeme.live/shop/Sandile/
Lilligant,137.00,https://scrapeme.live/shop/Lilligant/
Petilil,118.00,https://scrapeme.live/shop/Petilil/
Vanillite,108.00,https://scrapeme.live/shop/Vanillite/
Swanna,36.00,https://scrapeme.live/shop/Swanna/
Ducklett,159.00,https://scrapeme.live/shop/Ducklett/
Reuniclus,168.00,https://scrapeme.live/shop/Reuniclus/
Duosion,71.00,https://scrapeme.live/shop/Duosion/
Solosis,134.00,https://scrapeme.live/shop/Solosis/
Gothitelle,164.00,https://scrapeme.live/shop/Gothitelle/
Gothorita,189.00,https://scrapeme.live/shop/Gothorita/
Gothita,68.00,https://scrapeme.live/shop/Gothita/
Cinccino,154.00,https://scrapeme.live/shop/Cinccino/
Minccino,79.00,https://scrapeme.live/shop/Minccino/
Zorua,81.00,https://scrapeme.live/shop/Zorua/
Garbodor,178.00,https://scrapeme.live/shop/Garbodor/
Trubbish,169.00,https://scrapeme.live/shop/Trubbish/
Archeops,126.00,https://scrapeme.live/shop/Archeops/
Archen,140.00,https://scrapeme.live/shop/Archen/
Klang,162.00,https://scrapeme.live/shop/Klang/
Klink,75.00,https://scrapeme.live/shop/Klink/
Ferrothorn,182.00,https://scrapeme.live/shop/Ferrothorn/
Ferroseed,81.00,https://scrapeme.live/shop/Ferroseed/
Galvantula,57.00,https://scrapeme.live/shop/Galvantula/
Joltik,59.00,https://scrapeme.live/shop/Joltik/
Alomomola,35.00,https://scrapeme.live/shop/Alomomola/
Jellicent,114.00,https://scrapeme.live/shop/Jellicent/
Frillish,63.00,https://scrapeme.live/shop/Frillish/
Foongus,129.00,https://scrapeme.live/shop/Foongus/
Escavalier,189.00,https://scrapeme.live/shop/Escavalier/
Karrablast,41.00,https://scrapeme.live/shop/Karrablast/
Sawsbuck,76.00,https://scrapeme.live/shop/Sawsbuck/
Deerling,141.00,https://scrapeme.live/shop/Deerling/
Vanilluxe,89.00,https://scrapeme.live/shop/Vanilluxe/
Vanillish,93.00,https://scrapeme.live/shop/Vanillish/
Simisear,38.00,https://scrapeme.live/shop/Simisear/
Accelgor,129.00,https://scrapeme.live/shop/Accelgor/
Shelmet,190.00,https://scrapeme.live/shop/Shelmet/
Cryogonal,72.00,https://scrapeme.live/shop/Cryogonal/
Beartic,28.00,https://scrapeme.live/shop/Beartic/
Cubchoo,62.00,https://scrapeme.live/shop/Cubchoo/
Haxorus,135.00,https://scrapeme.live/shop/Haxorus/
Fraxure,64.00,https://scrapeme.live/shop/Fraxure/
Axew,123.00,https://scrapeme.live/shop/Axew/
Lampent,157.00,https://scrapeme.live/shop/Lampent/
Litwick,37.00,https://scrapeme.live/shop/Litwick/
Beheeyem,34.00,https://scrapeme.live/shop/Beheeyem/
Elgyem,107.00,https://scrapeme.live/shop/Elgyem/
Eelektross,123.00,https://scrapeme.live/shop/Eelektross/
Eelektrik,198.00,https://scrapeme.live/shop/Eelektrik/
Tynamo,82.00,https://scrapeme.live/shop/Tynamo/
Klinklang,178.00,https://scrapeme.live/shop/Klinklang/
Deino,63.00,https://scrapeme.live/shop/Deino/
Durant,28.00,https://scrapeme.live/shop/Durant/
Heatmor,81.00,https://scrapeme.live/shop/Heatmor/
Mandibuzz,89.00,https://scrapeme.live/shop/Mandibuzz/
Vullaby,61.00,https://scrapeme.live/shop/Vullaby/
Braviary,83.00,https://scrapeme.live/shop/Braviary/
Rufflet,60.00,https://scrapeme.live/shop/Rufflet/
Bouffalant,59.00,https://scrapeme.live/shop/Bouffalant/
Bisharp,129.00,https://scrapeme.live/shop/Bisharp/
Pawniard,37.00,https://scrapeme.live/shop/Pawniard/
Golurk,74.00,https://scrapeme.live/shop/Golurk/
Golett,89.00,https://scrapeme.live/shop/Golett/
Druddigon,110.00,https://scrapeme.live/shop/Druddigon/
Mienshao,50.00,https://scrapeme.live/shop/Mienshao/
Mienfoo,197.00,https://scrapeme.live/shop/Mienfoo/
Stunfisk,67.00,https://scrapeme.live/shop/Stunfisk/
Froakie,38.00,https://scrapeme.live/shop/Froakie/
Delphox,170.00,https://scrapeme.live/shop/Delphox/
Braixen,59.00,https://scrapeme.live/shop/Braixen/
Fennekin,123.00,https://scrapeme.live/shop/Fennekin/
Chesnaught,96.00,https://scrapeme.live/shop/Chesnaught/
Quilladin,161.00,https://scrapeme.live/shop/Quilladin/
Chespin,185.00,https://scrapeme.live/shop/Chespin/
Genesect,173.00,https://scrapeme.live/shop/Genesect/
Zekrom,135.00,https://scrapeme.live/shop/Zekrom/
Reshiram,147.00,https://scrapeme.live/shop/Reshiram/
Virizion,156.00,https://scrapeme.live/shop/Virizion/
Terrakion,87.00,https://scrapeme.live/shop/Terrakion/
Cobalion,111.00,https://scrapeme.live/shop/Cobalion/
Volcarona,94.00,https://scrapeme.live/shop/Volcarona/
Hydreigon,86.00,https://scrapeme.live/shop/Hydreigon/
Zweilous,199.00,https://scrapeme.live/shop/Zweilous/
Gogoat,97.00,https://scrapeme.live/shop/Gogoat/
Skiddo,129.00,https://scrapeme.live/shop/Skiddo/
Florges,93.00,https://scrapeme.live/shop/Florges/
Floette,149.00,https://scrapeme.live/shop/Floette/
Flabebe,79.00,https://scrapeme.live/shop/Flabebe/
Pyroar,127.00,https://scrapeme.live/shop/Pyroar/
Litleo,34.00,https://scrapeme.live/shop/Litleo/
Vivillon,177.00,https://scrapeme.live/shop/Vivillon/
Spewpa,155.00,https://scrapeme.live/shop/Spewpa/
Scatterbug,40.00,https://scrapeme.live/shop/Scatterbug/
Talonflame,84.00,https://scrapeme.live/shop/Talonflame/
Fletchinder,147.00,https://scrapeme.live/shop/Fletchinder/
Fletchling,43.00,https://scrapeme.live/shop/Fletchling/
Bunnelby,66.00,https://scrapeme.live/shop/Bunnelby/
Greninja,42.00,https://scrapeme.live/shop/Greninja/
Frogadier,125.00,https://scrapeme.live/shop/Frogadier/
Pangoro,76.00,https://scrapeme.live/shop/Pangoro/
Clauncher,29.00,https://scrapeme.live/shop/Clauncher/
Dragalge,151.00,https://scrapeme.live/shop/Dragalge/
Skrelp,63.00,https://scrapeme.live/shop/Skrelp/
Barbaracle,165.00,https://scrapeme.live/shop/Barbaracle/
Binacle,102.00,https://scrapeme.live/shop/Binacle/
Malamar,58.00,https://scrapeme.live/shop/Malamar/
Inkay,38.00,https://scrapeme.live/shop/Inkay/
Slurpuff,66.00,https://scrapeme.live/shop/Slurpuff/
Swirlix,90.00,https://scrapeme.live/shop/Swirlix/
Aromatisse,194.00,https://scrapeme.live/shop/Aromatisse/
Spritzee,58.00,https://scrapeme.live/shop/Spritzee/
Doublade,164.00,https://scrapeme.live/shop/Doublade/
Honedge,101.00,https://scrapeme.live/shop/Honedge/
Espurr,149.00,https://scrapeme.live/shop/Espurr/
Furfrou,165.00,https://scrapeme.live/shop/Furfrou/
Riolu,70.00,https://scrapeme.live/shop/Riolu/
Trevenant,53.00,https://scrapeme.live/shop/Trevenant/
Klefki,179.00,https://scrapeme.live/shop/Klefki/
Goodra,192.00,https://scrapeme.live/shop/Goodra/
Sliggoo,109.00,https://scrapeme.live/shop/Sliggoo/
Goomy,110.00,https://scrapeme.live/shop/Goomy/
Carbink,171.00,https://scrapeme.live/shop/Carbink/
Dedenne,118.00,https://scrapeme.live/shop/Dedenne/
Hawlucha,44.00,https://scrapeme.live/shop/Hawlucha/
Sylveon,48.00,https://scrapeme.live/shop/Sylveon/
Aurorus,189.00,https://scrapeme.live/shop/Aurorus/
Amaura,155.00,https://scrapeme.live/shop/Amaura/
Tyrantrum,26.00,https://scrapeme.live/shop/Tyrantrum/
Tyrunt,62.00,https://scrapeme.live/shop/Tyrunt/
Heliolisk,83.00,https://scrapeme.live/shop/Heliolisk/
Helioptile,62.00,https://scrapeme.live/shop/Helioptile/
Clawitzer,69.00,https://scrapeme.live/shop/Clawitzer/
Popplio,158.00,https://scrapeme.live/shop/Popplio/
Incineroar,36.00,https://scrapeme.live/shop/Incineroar/
Torracat,184.00,https://scrapeme.live/shop/Torracat/
Litten,132.00,https://scrapeme.live/shop/Litten/
Decidueye,106.00,https://scrapeme.live/shop/Decidueye/
Dartrix,169.00,https://scrapeme.live/shop/Dartrix/
Volcanion,45.00,https://scrapeme.live/shop/Volcanion/
Hoopa,189.00,https://scrapeme.live/shop/Hoopa/
Diancie,27.00,https://scrapeme.live/shop/Diancie/
Zygarde,83.00,https://scrapeme.live/shop/Zygarde/
Yveltal,59.00,https://scrapeme.live/shop/Yveltal/
Xerneas,30.00,https://scrapeme.live/shop/Xerneas/
Noivern,75.00,https://scrapeme.live/shop/Noivern/
Noibat,126.00,https://scrapeme.live/shop/Noibat/
Avalugg,71.00,https://scrapeme.live/shop/Avalugg/
Bergmite,119.00,https://scrapeme.live/shop/Bergmite/
Mareanie,47.00,https://scrapeme.live/shop/Mareanie/
Rockruff,149.00,https://scrapeme.live/shop/Rockruff/
Ribombee,100.00,https://scrapeme.live/shop/Ribombee/
Cutiefly,118.00,https://scrapeme.live/shop/Cutiefly/
Crabominable,65.00,https://scrapeme.live/shop/Crabominable/
Crabrawler,181.00,https://scrapeme.live/shop/Crabrawler/
Vikavolt,88.00,https://scrapeme.live/shop/Vikavolt/
Charjabug,76.00,https://scrapeme.live/shop/Charjabug/
Grubbin,77.00,https://scrapeme.live/shop/Grubbin/
Gumshoos,123.00,https://scrapeme.live/shop/Gumshoos/
Yungoos,159.00,https://scrapeme.live/shop/Yungoos/
Toucannon,77.00,https://scrapeme.live/shop/Toucannon/
Trumbeak,59.00,https://scrapeme.live/shop/Trumbeak/
Pikipek,51.00,https://scrapeme.live/shop/Pikipek/
Primarina,143.00,https://scrapeme.live/shop/Primarina/
Brionne,172.00,https://scrapeme.live/shop/Brionne/
Tsareena,186.00,https://scrapeme.live/shop/Tsareena/
Steenee,27.00,https://scrapeme.live/shop/Steenee/
Bounsweet,193.00,https://scrapeme.live/shop/Bounsweet/
Bewear,117.00,https://scrapeme.live/shop/Bewear/
Stufful,70.00,https://scrapeme.live/shop/Stufful/
Salazzle,166.00,https://scrapeme.live/shop/Salazzle/
Salandit,158.00,https://scrapeme.live/shop/Salandit/
Shiinotic,75.00,https://scrapeme.live/shop/Shiinotic/
Morelull,87.00,https://scrapeme.live/shop/Morelull/
Lurantis,159.00,https://scrapeme.live/shop/Lurantis/
Fomantis,104.00,https://scrapeme.live/shop/Fomantis/
Araquanid,48.00,https://scrapeme.live/shop/Araquanid/
Dewpider,84.00,https://scrapeme.live/shop/Dewpider/
Mudsdale,111.00,https://scrapeme.live/shop/Mudsdale/
Mudbray,96.00,https://scrapeme.live/shop/Mudbray/
Toxapex,91.00,https://scrapeme.live/shop/Toxapex/
Munchlax,190.00,https://scrapeme.live/shop/Munchlax/
Kommo-o,170.00,https://scrapeme.live/shop/Kommo-o/
Hakamo-o,57.00,https://scrapeme.live/shop/Hakamo-o/
Jangmo-o,107.00,https://scrapeme.live/shop/Jangmo-o/
Drampa,133.00,https://scrapeme.live/shop/Drampa/
Togedemaru,45.00,https://scrapeme.live/shop/Togedemaru/
Turtonator,117.00,https://scrapeme.live/shop/Turtonator/
Komala,65.00,https://scrapeme.live/shop/Komala/
Silvally,133.00,https://scrapeme.live/shop/Silvally/
Pyukumuku,97.00,https://scrapeme.live/shop/Pyukumuku/
Palossand,187.00,https://scrapeme.live/shop/Palossand/
Sandygast,131.00,https://scrapeme.live/shop/Sandygast/
Golisopod,32.00,https://scrapeme.live/shop/Golisopod/
Wimpod,137.00,https://scrapeme.live/shop/Wimpod/
Passimian,182.00,https://scrapeme.live/shop/Passimian/
Oranguru,139.00,https://scrapeme.live/shop/Oranguru/
Comfey,28.00,https://scrapeme.live/shop/Comfey/
Poipole,130.00,https://scrapeme.live/shop/Poipole/
Marshadow,107.00,https://scrapeme.live/shop/Marshadow/
Necrozma,68.00,https://scrapeme.live/shop/Necrozma/
Guzzlord,73.00,https://scrapeme.live/shop/Guzzlord/
Kartana,197.00,https://scrapeme.live/shop/Kartana/
Celesteela,151.00,https://scrapeme.live/shop/Celesteela/
Xurkitree,174.00,https://scrapeme.live/shop/Xurkitree/
Pheromosa,62.00,https://scrapeme.live/shop/Pheromosa/
Buzzwole,172.00,https://scrapeme.live/shop/Buzzwole/
Nihilego,67.00,https://scrapeme.live/shop/Nihilego/
Lunala,58.00,https://scrapeme.live/shop/Lunala/
Solgaleo,125.00,https://scrapeme.live/shop/Solgaleo/
Tapu-fini,123.00,https://scrapeme.live/shop/Tapu-fini/
Tapu-bulu,165.00,https://scrapeme.live/shop/Tapu-bulu/
Tapu-lele,62.00,https://scrapeme.live/shop/Tapu-lele/
Tapu-koko,159.00,https://scrapeme.live/shop/Tapu-koko/
Blacephalon,149.00,https://scrapeme.live/shop/Blacephalon/
Stakataka,190.00,https://scrapeme.live/shop/Stakataka/
Naganadel,30.00,https://scrapeme.live/shop/Naganadel/
